id,name,url,abstraction_id
15,External Control of System or Configuration Setting,https://cwe.mitre.org/data/definitions/15.html,1
19,Data Processing Errors,https://cwe.mitre.org/data/definitions/19.html,6
22,Improper Limitation of a Pathname to a Restricted Directory ('Path Traversal'),https://cwe.mitre.org/data/definitions/22.html,1
23,Relative Path Traversal,https://cwe.mitre.org/data/definitions/23.html,1
36,Absolute Path Traversal,https://cwe.mitre.org/data/definitions/36.html,1
41,Improper Resolution of Path Equivalence,https://cwe.mitre.org/data/definitions/41.html,1
59,Improper Link Resolution Before File Access ('Link Following'),https://cwe.mitre.org/data/definitions/59.html,1
66,Improper Handling of File Names that Identify Virtual Resources,https://cwe.mitre.org/data/definitions/66.html,1
73,External Control of File Name or Path,https://cwe.mitre.org/data/definitions/73.html,1
76,Improper Neutralization of Equivalent Special Elements,https://cwe.mitre.org/data/definitions/76.html,1
78,Improper Neutralization of Special Elements used in an OS Command ('OS Command Injection'),https://cwe.mitre.org/data/definitions/78.html,1
79,Improper Neutralization of Input During Web Page Generation ('Cross-site Scripting'),https://cwe.mitre.org/data/definitions/79.html,1
88,Improper Neutralization of Argument Delimiters in a Command ('Argument Injection'),https://cwe.mitre.org/data/definitions/88.html,1
89,Improper Neutralization of Special Elements used in an SQL Command ('SQL Injection'),https://cwe.mitre.org/data/definitions/89.html,1
90,Improper Neutralization of Special Elements used in an LDAP Query ('LDAP Injection'),https://cwe.mitre.org/data/definitions/90.html,1
91,XML Injection (aka Blind XPath Injection),https://cwe.mitre.org/data/definitions/91.html,1
93,Improper Neutralization of CRLF Sequences ('CRLF Injection'),https://cwe.mitre.org/data/definitions/93.html,1
94,Improper Control of Generation of Code ('Code Injection'),https://cwe.mitre.org/data/definitions/94.html,1
96,Improper Neutralization of Directives in Statically Saved Code ('Static Code Injection'),https://cwe.mitre.org/data/definitions/96.html,1
112,Missing XML Validation,https://cwe.mitre.org/data/definitions/112.html,1
115,Misinterpretation of Input,https://cwe.mitre.org/data/definitions/115.html,1
117,Improper Output Neutralization for Logs,https://cwe.mitre.org/data/definitions/117.html,1
120,Buffer Copy without Checking Size of Input ('Classic Buffer Overflow'),https://cwe.mitre.org/data/definitions/120.html,1
123,Write-what-where Condition,https://cwe.mitre.org/data/definitions/123.html,1
124,Buffer Underwrite ('Buffer Underflow'),https://cwe.mitre.org/data/definitions/124.html,1
125,Out-of-bounds Read,https://cwe.mitre.org/data/definitions/125.html,1
128,Wrap-around Error,https://cwe.mitre.org/data/definitions/128.html,1
129,Improper Validation of Array Index,https://cwe.mitre.org/data/definitions/129.html,2
130,Improper Handling of Length Parameter Inconsistency,https://cwe.mitre.org/data/definitions/130.html,1
131,Incorrect Calculation of Buffer Size,https://cwe.mitre.org/data/definitions/131.html,1
133,String Errors,https://cwe.mitre.org/data/definitions/133.html,6
134,Use of Externally-Controlled Format String,https://cwe.mitre.org/data/definitions/134.html,1
135,Incorrect Calculation of Multi-Byte String Length,https://cwe.mitre.org/data/definitions/135.html,1
136,Type Errors,https://cwe.mitre.org/data/definitions/136.html,6
137,Data Neutralization Issues,https://cwe.mitre.org/data/definitions/137.html,6
140,Improper Neutralization of Delimiters,https://cwe.mitre.org/data/definitions/140.html,1
166,Improper Handling of Missing Special Element,https://cwe.mitre.org/data/definitions/166.html,1
167,Improper Handling of Additional Special Element,https://cwe.mitre.org/data/definitions/167.html,1
168,Improper Handling of Inconsistent Special Elements,https://cwe.mitre.org/data/definitions/168.html,1
170,Improper Null Termination,https://cwe.mitre.org/data/definitions/170.html,1
178,Improper Handling of Case Sensitivity,https://cwe.mitre.org/data/definitions/178.html,1
179,Incorrect Behavior Order: Early Validation,https://cwe.mitre.org/data/definitions/179.html,1
182,Collapse of Data into Unsafe Value,https://cwe.mitre.org/data/definitions/182.html,1
183,Permissive List of Allowed Inputs,https://cwe.mitre.org/data/definitions/183.html,1
184,Incomplete List of Disallowed Inputs,https://cwe.mitre.org/data/definitions/184.html,1
186,Overly Restrictive Regular Expression,https://cwe.mitre.org/data/definitions/186.html,1
188,Reliance on Data/Memory Layout,https://cwe.mitre.org/data/definitions/188.html,1
189,Numeric Errors,https://cwe.mitre.org/data/definitions/189.html,6
190,Integer Overflow or Wraparound,https://cwe.mitre.org/data/definitions/190.html,1
191,Integer Underflow (Wrap or Wraparound),https://cwe.mitre.org/data/definitions/191.html,1
192,Integer Coercion Error,https://cwe.mitre.org/data/definitions/192.html,2
193,Off-by-one Error,https://cwe.mitre.org/data/definitions/193.html,1
197,Numeric Truncation Error,https://cwe.mitre.org/data/definitions/197.html,1
198,Use of Incorrect Byte Ordering,https://cwe.mitre.org/data/definitions/198.html,1
199,Information Management Errors,https://cwe.mitre.org/data/definitions/199.html,6
201,Insertion of Sensitive Information Into Sent Data,https://cwe.mitre.org/data/definitions/201.html,1
204,Observable Response Discrepancy,https://cwe.mitre.org/data/definitions/204.html,1
205,Observable Behavioral Discrepancy,https://cwe.mitre.org/data/definitions/205.html,1
208,Observable Timing Discrepancy,https://cwe.mitre.org/data/definitions/208.html,1
209,Generation of Error Message Containing Sensitive Information,https://cwe.mitre.org/data/definitions/209.html,1
212,Improper Removal of Sensitive Information Before Storage or Transfer,https://cwe.mitre.org/data/definitions/212.html,1
213,Exposure of Sensitive Information Due to Incompatible Policies,https://cwe.mitre.org/data/definitions/213.html,1
214,Invocation of Process Using Visible Sensitive Information,https://cwe.mitre.org/data/definitions/214.html,1
215,Insertion of Sensitive Information Into Debugging Code,https://cwe.mitre.org/data/definitions/215.html,1
222,Truncation of Security-relevant Information,https://cwe.mitre.org/data/definitions/222.html,1
223,Omission of Security-relevant Information,https://cwe.mitre.org/data/definitions/223.html,1
224,Obscured Security-relevant Information by Alternate Name,https://cwe.mitre.org/data/definitions/224.html,1
226,Sensitive Information in Resource Not Removed Before Reuse,https://cwe.mitre.org/data/definitions/226.html,1
229,Improper Handling of Values,https://cwe.mitre.org/data/definitions/229.html,1
233,Improper Handling of Parameters,https://cwe.mitre.org/data/definitions/233.html,1
237,Improper Handling of Structural Elements,https://cwe.mitre.org/data/definitions/237.html,1
241,Improper Handling of Unexpected Data Type,https://cwe.mitre.org/data/definitions/241.html,1
242,Use of Inherently Dangerous Function,https://cwe.mitre.org/data/definitions/242.html,1
243,Creation of chroot Jail Without Changing Working Directory,https://cwe.mitre.org/data/definitions/243.html,2
248,Uncaught Exception,https://cwe.mitre.org/data/definitions/248.html,1
250,Execution with Unnecessary Privileges,https://cwe.mitre.org/data/definitions/250.html,1
252,Unchecked Return Value,https://cwe.mitre.org/data/definitions/252.html,1
253,Incorrect Check of Function Return Value,https://cwe.mitre.org/data/definitions/253.html,1
255,Credentials Management Errors,https://cwe.mitre.org/data/definitions/255.html,6
256,Plaintext Storage of a Password,https://cwe.mitre.org/data/definitions/256.html,1
257,Storing Passwords in a Recoverable Format,https://cwe.mitre.org/data/definitions/257.html,1
260,Password in Configuration File,https://cwe.mitre.org/data/definitions/260.html,1
261,Weak Encoding for Password,https://cwe.mitre.org/data/definitions/261.html,1
262,Not Using Password Aging,https://cwe.mitre.org/data/definitions/262.html,1
263,Password Aging with Long Expiration,https://cwe.mitre.org/data/definitions/263.html,1
265,Privilege Issues,https://cwe.mitre.org/data/definitions/265.html,6
266,Incorrect Privilege Assignment,https://cwe.mitre.org/data/definitions/266.html,1
267,Privilege Defined With Unsafe Actions,https://cwe.mitre.org/data/definitions/267.html,1
268,Privilege Chaining,https://cwe.mitre.org/data/definitions/268.html,1
270,Privilege Context Switching Error,https://cwe.mitre.org/data/definitions/270.html,1
272,Least Privilege Violation,https://cwe.mitre.org/data/definitions/272.html,1
273,Improper Check for Dropped Privileges,https://cwe.mitre.org/data/definitions/273.html,1
274,Improper Handling of Insufficient Privileges,https://cwe.mitre.org/data/definitions/274.html,1
275,Permission Issues,https://cwe.mitre.org/data/definitions/275.html,6
276,Incorrect Default Permissions,https://cwe.mitre.org/data/definitions/276.html,1
277,Insecure Inherited Permissions,https://cwe.mitre.org/data/definitions/277.html,2
278,Insecure Preserved Inherited Permissions,https://cwe.mitre.org/data/definitions/278.html,2
279,Incorrect Execution-Assigned Permissions,https://cwe.mitre.org/data/definitions/279.html,2
280,Improper Handling of Insufficient Permissions or Privileges ,https://cwe.mitre.org/data/definitions/280.html,1
281,Improper Preservation of Permissions,https://cwe.mitre.org/data/definitions/281.html,1
283,Unverified Ownership,https://cwe.mitre.org/data/definitions/283.html,1
288,Authentication Bypass Using an Alternate Path or Channel,https://cwe.mitre.org/data/definitions/288.html,1
289,Authentication Bypass by Alternate Name,https://cwe.mitre.org/data/definitions/289.html,1
290,Authentication Bypass by Spoofing,https://cwe.mitre.org/data/definitions/290.html,1
294,Authentication Bypass by Capture-replay,https://cwe.mitre.org/data/definitions/294.html,1
295,Improper Certificate Validation,https://cwe.mitre.org/data/definitions/295.html,1
296,Improper Following of a Certificate's Chain of Trust,https://cwe.mitre.org/data/definitions/296.html,1
299,Improper Check for Certificate Revocation,https://cwe.mitre.org/data/definitions/299.html,1
301,Reflection Attack in an Authentication Protocol,https://cwe.mitre.org/data/definitions/301.html,1
303,Incorrect Implementation of Authentication Algorithm,https://cwe.mitre.org/data/definitions/303.html,1
304,Missing Critical Step in Authentication,https://cwe.mitre.org/data/definitions/304.html,1
305,Authentication Bypass by Primary Weakness,https://cwe.mitre.org/data/definitions/305.html,1
306,Missing Authentication for Critical Function,https://cwe.mitre.org/data/definitions/306.html,1
307,Improper Restriction of Excessive Authentication Attempts,https://cwe.mitre.org/data/definitions/307.html,1
308,Use of Single-factor Authentication,https://cwe.mitre.org/data/definitions/308.html,1
309,Use of Password System for Primary Authentication,https://cwe.mitre.org/data/definitions/309.html,1
310,Cryptographic Issues,https://cwe.mitre.org/data/definitions/310.html,6
312,Cleartext Storage of Sensitive Information,https://cwe.mitre.org/data/definitions/312.html,1
317,Cleartext Storage of Sensitive Information in GUI,https://cwe.mitre.org/data/definitions/317.html,2
319,Cleartext Transmission of Sensitive Information,https://cwe.mitre.org/data/definitions/319.html,1
320,Key Management Errors,https://cwe.mitre.org/data/definitions/320.html,6
321,Use of Hard-coded Cryptographic Key,https://cwe.mitre.org/data/definitions/321.html,2
322,Key Exchange without Entity Authentication,https://cwe.mitre.org/data/definitions/322.html,1
323,"Reusing a Nonce, Key Pair in Encryption",https://cwe.mitre.org/data/definitions/323.html,2
324,Use of a Key Past its Expiration Date,https://cwe.mitre.org/data/definitions/324.html,1
325,Missing Cryptographic Step,https://cwe.mitre.org/data/definitions/325.html,1
328,Use of Weak Hash,https://cwe.mitre.org/data/definitions/328.html,1
331,Insufficient Entropy,https://cwe.mitre.org/data/definitions/331.html,1
334,Small Space of Random Values,https://cwe.mitre.org/data/definitions/334.html,1
335,Incorrect Usage of Seeds in Pseudo-Random Number Generator (PRNG),https://cwe.mitre.org/data/definitions/335.html,1
338,Use of Cryptographically Weak Pseudo-Random Number Generator (PRNG),https://cwe.mitre.org/data/definitions/338.html,1
341,Predictable from Observable State,https://cwe.mitre.org/data/definitions/341.html,1
342,Predictable Exact Value from Previous Values,https://cwe.mitre.org/data/definitions/342.html,1
343,Predictable Value Range from Previous Values,https://cwe.mitre.org/data/definitions/343.html,1
344,Use of Invariant Value in Dynamically Changing Context,https://cwe.mitre.org/data/definitions/344.html,1
346,Origin Validation Error,https://cwe.mitre.org/data/definitions/346.html,4
347,Improper Verification of Cryptographic Signature,https://cwe.mitre.org/data/definitions/347.html,1
348,Use of Less Trusted Source,https://cwe.mitre.org/data/definitions/348.html,1
349,Acceptance of Extraneous Untrusted Data With Trusted Data,https://cwe.mitre.org/data/definitions/349.html,1
351,Insufficient Type Distinction,https://cwe.mitre.org/data/definitions/351.html,1
353,Missing Support for Integrity Check,https://cwe.mitre.org/data/definitions/353.html,1
354,Improper Validation of Integrity Check Value,https://cwe.mitre.org/data/definitions/354.html,1
355,User Interface Security Issues,https://cwe.mitre.org/data/definitions/355.html,6
356,Product UI does not Warn User of Unsafe Actions,https://cwe.mitre.org/data/definitions/356.html,1
357,Insufficient UI Warning of Dangerous Operations,https://cwe.mitre.org/data/definitions/357.html,1
358,Improperly Implemented Security Check for Standard,https://cwe.mitre.org/data/definitions/358.html,1
359,Exposure of Private Personal Information to an Unauthorized Actor,https://cwe.mitre.org/data/definitions/359.html,1
360,Trust of System Event Data,https://cwe.mitre.org/data/definitions/360.html,1
363,Race Condition Enabling Link Following,https://cwe.mitre.org/data/definitions/363.html,1
364,Signal Handler Race Condition,https://cwe.mitre.org/data/definitions/364.html,1
366,Race Condition within a Thread,https://cwe.mitre.org/data/definitions/366.html,1
367,Time-of-check Time-of-use (TOCTOU) Race Condition,https://cwe.mitre.org/data/definitions/367.html,1
368,Context Switching Race Condition,https://cwe.mitre.org/data/definitions/368.html,1
369,Divide By Zero,https://cwe.mitre.org/data/definitions/369.html,1
371,State Issues,https://cwe.mitre.org/data/definitions/371.html,6
372,Incomplete Internal State Distinction,https://cwe.mitre.org/data/definitions/372.html,1
374,Passing Mutable Objects to an Untrusted Method,https://cwe.mitre.org/data/definitions/374.html,1
375,Returning a Mutable Object to an Untrusted Caller,https://cwe.mitre.org/data/definitions/375.html,1
378,Creation of Temporary File With Insecure Permissions,https://cwe.mitre.org/data/definitions/378.html,1
379,Creation of Temporary File in Directory with Insecure Permissions,https://cwe.mitre.org/data/definitions/379.html,1
385,Covert Timing Channel,https://cwe.mitre.org/data/definitions/385.html,1
386,Symbolic Name not Mapping to Correct Object,https://cwe.mitre.org/data/definitions/386.html,1
387,Signal Errors,https://cwe.mitre.org/data/definitions/387.html,6
389,"Error Conditions, Return Values, Status Codes",https://cwe.mitre.org/data/definitions/389.html,6
390,Detection of Error Condition Without Action,https://cwe.mitre.org/data/definitions/390.html,1
391,Unchecked Error Condition,https://cwe.mitre.org/data/definitions/391.html,1
392,Missing Report of Error Condition,https://cwe.mitre.org/data/definitions/392.html,1
393,Return of Wrong Status Code,https://cwe.mitre.org/data/definitions/393.html,1
394,Unexpected Status Code or Return Value,https://cwe.mitre.org/data/definitions/394.html,1
395,Use of NullPointerException Catch to Detect NULL Pointer Dereference,https://cwe.mitre.org/data/definitions/395.html,1
396,Declaration of Catch for Generic Exception,https://cwe.mitre.org/data/definitions/396.html,1
397,Declaration of Throws for Generic Exception,https://cwe.mitre.org/data/definitions/397.html,1
399,Resource Management Errors,https://cwe.mitre.org/data/definitions/399.html,6
403,Exposure of File Descriptor to Unintended Control Sphere ('File Descriptor Leak'),https://cwe.mitre.org/data/definitions/403.html,1
408,Incorrect Behavior Order: Early Amplification,https://cwe.mitre.org/data/definitions/408.html,1
409,Improper Handling of Highly Compressed Data (Data Amplification),https://cwe.mitre.org/data/definitions/409.html,1
410,Insufficient Resource Pool,https://cwe.mitre.org/data/definitions/410.html,1
411,Resource Locking Problems,https://cwe.mitre.org/data/definitions/411.html,6
412,Unrestricted Externally Accessible Lock,https://cwe.mitre.org/data/definitions/412.html,1
413,Improper Resource Locking,https://cwe.mitre.org/data/definitions/413.html,1
414,Missing Lock Check,https://cwe.mitre.org/data/definitions/414.html,1
417,Communication Channel Errors,https://cwe.mitre.org/data/definitions/417.html,6
419,Unprotected Primary Channel,https://cwe.mitre.org/data/definitions/419.html,1
420,Unprotected Alternate Channel,https://cwe.mitre.org/data/definitions/420.html,1
421,Race Condition During Access to Alternate Channel,https://cwe.mitre.org/data/definitions/421.html,1
425,Direct Request ('Forced Browsing'),https://cwe.mitre.org/data/definitions/425.html,1
426,Untrusted Search Path,https://cwe.mitre.org/data/definitions/426.html,1
427,Uncontrolled Search Path Element,https://cwe.mitre.org/data/definitions/427.html,1
428,Unquoted Search Path or Element,https://cwe.mitre.org/data/definitions/428.html,1
429,Handler Errors,https://cwe.mitre.org/data/definitions/429.html,6
430,Deployment of Wrong Handler,https://cwe.mitre.org/data/definitions/430.html,1
431,Missing Handler,https://cwe.mitre.org/data/definitions/431.html,1
432,Dangerous Signal Handler not Disabled During Sensitive Operations,https://cwe.mitre.org/data/definitions/432.html,1
433,Unparsed Raw Web Content Delivery,https://cwe.mitre.org/data/definitions/433.html,2
434,Unrestricted Upload of File with Dangerous Type,https://cwe.mitre.org/data/definitions/434.html,1
437,Incomplete Model of Endpoint Features,https://cwe.mitre.org/data/definitions/437.html,1
438,Behavioral Problems,https://cwe.mitre.org/data/definitions/438.html,6
439,Behavioral Change in New Version or Environment,https://cwe.mitre.org/data/definitions/439.html,1
440,Expected Behavior Violation,https://cwe.mitre.org/data/definitions/440.html,1
444,Inconsistent Interpretation of HTTP Requests ('HTTP Request/Response Smuggling'),https://cwe.mitre.org/data/definitions/444.html,1
447,Unimplemented or Unsupported Feature in UI,https://cwe.mitre.org/data/definitions/447.html,1
448,Obsolete Feature in UI,https://cwe.mitre.org/data/definitions/448.html,1
449,The UI Performs the Wrong Action,https://cwe.mitre.org/data/definitions/449.html,1
450,Multiple Interpretations of UI Input,https://cwe.mitre.org/data/definitions/450.html,1
452,Initialization and Cleanup Errors,https://cwe.mitre.org/data/definitions/452.html,6
454,External Initialization of Trusted Variables or Data Stores,https://cwe.mitre.org/data/definitions/454.html,1
455,Non-exit on Failed Initialization,https://cwe.mitre.org/data/definitions/455.html,1
459,Incomplete Cleanup,https://cwe.mitre.org/data/definitions/459.html,1
460,Improper Cleanup on Thrown Exception,https://cwe.mitre.org/data/definitions/460.html,1
462,Duplicate Key in Associative List (Alist),https://cwe.mitre.org/data/definitions/462.html,1
463,Deletion of Data Structure Sentinel,https://cwe.mitre.org/data/definitions/463.html,1
464,Addition of Data Structure Sentinel,https://cwe.mitre.org/data/definitions/464.html,1
465,Pointer Issues,https://cwe.mitre.org/data/definitions/465.html,6
466,Return of Pointer Value Outside of Expected Range,https://cwe.mitre.org/data/definitions/466.html,1
467,Use of sizeof() on a Pointer Type,https://cwe.mitre.org/data/definitions/467.html,2
468,Incorrect Pointer Scaling,https://cwe.mitre.org/data/definitions/468.html,1
469,Use of Pointer Subtraction to Determine Size,https://cwe.mitre.org/data/definitions/469.html,1
470,Use of Externally-Controlled Input to Select Classes or Code ('Unsafe Reflection'),https://cwe.mitre.org/data/definitions/470.html,1
471,Modification of Assumed-Immutable Data (MAID),https://cwe.mitre.org/data/definitions/471.html,1
472,External Control of Assumed-Immutable Web Parameter,https://cwe.mitre.org/data/definitions/472.html,1
474,Use of Function with Inconsistent Implementations,https://cwe.mitre.org/data/definitions/474.html,1
475,Undefined Behavior for Input to API,https://cwe.mitre.org/data/definitions/475.html,1
476,NULL Pointer Dereference,https://cwe.mitre.org/data/definitions/476.html,1
477,Use of Obsolete Function,https://cwe.mitre.org/data/definitions/477.html,1
478,Missing Default Case in Multiple Condition Expression,https://cwe.mitre.org/data/definitions/478.html,1
479,Signal Handler Use of a Non-reentrant Function,https://cwe.mitre.org/data/definitions/479.html,2
480,Use of Incorrect Operator,https://cwe.mitre.org/data/definitions/480.html,1
483,Incorrect Block Delimitation,https://cwe.mitre.org/data/definitions/483.html,1
484,Omitted Break Statement in Switch,https://cwe.mitre.org/data/definitions/484.html,1
487,Reliance on Package-level Scope,https://cwe.mitre.org/data/definitions/487.html,1
488,Exposure of Data Element to Wrong Session,https://cwe.mitre.org/data/definitions/488.html,1
489,Active Debug Code,https://cwe.mitre.org/data/definitions/489.html,1
494,Download of Code Without Integrity Check,https://cwe.mitre.org/data/definitions/494.html,1
497,Exposure of Sensitive System Information to an Unauthorized Control Sphere,https://cwe.mitre.org/data/definitions/497.html,1
501,Trust Boundary Violation,https://cwe.mitre.org/data/definitions/501.html,1
502,Deserialization of Untrusted Data,https://cwe.mitre.org/data/definitions/502.html,1
515,Covert Storage Channel,https://cwe.mitre.org/data/definitions/515.html,1
521,Weak Password Requirements,https://cwe.mitre.org/data/definitions/521.html,1
523,Unprotected Transport of Credentials,https://cwe.mitre.org/data/definitions/523.html,1
524,Use of Cache Containing Sensitive Information,https://cwe.mitre.org/data/definitions/524.html,1
532,Insertion of Sensitive Information into Log File,https://cwe.mitre.org/data/definitions/532.html,1
538,Insertion of Sensitive Information into Externally-Accessible File or Directory,https://cwe.mitre.org/data/definitions/538.html,1
540,Inclusion of Sensitive Information in Source Code,https://cwe.mitre.org/data/definitions/540.html,1
544,Missing Standardized Error Handling Mechanism,https://cwe.mitre.org/data/definitions/544.html,1
546,Suspicious Comment,https://cwe.mitre.org/data/definitions/546.html,2
547,"Use of Hard-coded, Security-relevant Constants",https://cwe.mitre.org/data/definitions/547.html,2
549,Missing Password Field Masking,https://cwe.mitre.org/data/definitions/549.html,1
551,Incorrect Behavior Order: Authorization Before Parsing and Canonicalization,https://cwe.mitre.org/data/definitions/551.html,1
552,Files or Directories Accessible to External Parties,https://cwe.mitre.org/data/definitions/552.html,1
557,Concurrency Issues,https://cwe.mitre.org/data/definitions/557.html,6
561,Dead Code,https://cwe.mitre.org/data/definitions/561.html,1
562,Return of Stack Variable Address,https://cwe.mitre.org/data/definitions/562.html,1
563,Assignment to Variable without Use,https://cwe.mitre.org/data/definitions/563.html,2
565,Reliance on Cookies without Validation and Integrity Checking,https://cwe.mitre.org/data/definitions/565.html,1
567,Unsynchronized Access to Shared Data in a Multithreaded Context,https://cwe.mitre.org/data/definitions/567.html,1
569,Expression Issues,https://cwe.mitre.org/data/definitions/569.html,6
570,Expression is Always False,https://cwe.mitre.org/data/definitions/570.html,1
571,Expression is Always True,https://cwe.mitre.org/data/definitions/571.html,1
580,clone() Method Without super.clone(),https://cwe.mitre.org/data/definitions/580.html,2
581,Object Model Violation: Just One of Equals and Hashcode Defined,https://cwe.mitre.org/data/definitions/581.html,1
584,Return Inside Finally Block,https://cwe.mitre.org/data/definitions/584.html,1
585,Empty Synchronized Block,https://cwe.mitre.org/data/definitions/585.html,1
586,Explicit Call to Finalize(),https://cwe.mitre.org/data/definitions/586.html,2
587,Assignment of a Fixed Address to a Pointer,https://cwe.mitre.org/data/definitions/587.html,2
588,Attempt to Access Child of a Non-structure Pointer,https://cwe.mitre.org/data/definitions/588.html,2
595,Comparison of Object References Instead of Object Contents,https://cwe.mitre.org/data/definitions/595.html,2
597,Use of Wrong Operator in String Comparison,https://cwe.mitre.org/data/definitions/597.html,2
600,Uncaught Exception in Servlet ,https://cwe.mitre.org/data/definitions/600.html,1
601,URL Redirection to Untrusted Site ('Open Redirect'),https://cwe.mitre.org/data/definitions/601.html,1
603,Use of Client-Side Authentication,https://cwe.mitre.org/data/definitions/603.html,1
605,Multiple Binds to the Same Port,https://cwe.mitre.org/data/definitions/605.html,1
606,Unchecked Input for Loop Condition,https://cwe.mitre.org/data/definitions/606.html,1
609,Double-Checked Locking,https://cwe.mitre.org/data/definitions/609.html,1
611,Improper Restriction of XML External Entity Reference,https://cwe.mitre.org/data/definitions/611.html,1
612,Improper Authorization of Index Containing Sensitive Information,https://cwe.mitre.org/data/definitions/612.html,1
613,Insufficient Session Expiration,https://cwe.mitre.org/data/definitions/613.html,1
617,Reachable Assertion,https://cwe.mitre.org/data/definitions/617.html,1
618,Exposed Unsafe ActiveX Method,https://cwe.mitre.org/data/definitions/618.html,2
619,Dangling Database Cursor ('Cursor Injection'),https://cwe.mitre.org/data/definitions/619.html,1
620,Unverified Password Change,https://cwe.mitre.org/data/definitions/620.html,1
621,Variable Extraction Error,https://cwe.mitre.org/data/definitions/621.html,1
624,Executable Regular Expression Error,https://cwe.mitre.org/data/definitions/624.html,1
625,Permissive Regular Expression,https://cwe.mitre.org/data/definitions/625.html,1
627,Dynamic Variable Evaluation,https://cwe.mitre.org/data/definitions/627.html,1
628,Function Call with Incorrectly Specified Arguments,https://cwe.mitre.org/data/definitions/628.html,1
639,Authorization Bypass Through User-Controlled Key,https://cwe.mitre.org/data/definitions/639.html,1
640,Weak Password Recovery Mechanism for Forgotten Password,https://cwe.mitre.org/data/definitions/640.html,1
641,Improper Restriction of Names for Files and Other Resources,https://cwe.mitre.org/data/definitions/641.html,1
643,Improper Neutralization of Data within XPath Expressions ('XPath Injection'),https://cwe.mitre.org/data/definitions/643.html,1
645,Overly Restrictive Account Lockout Mechanism,https://cwe.mitre.org/data/definitions/645.html,1
648,Incorrect Use of Privileged APIs,https://cwe.mitre.org/data/definitions/648.html,1
649,Reliance on Obfuscation or Encryption of Security-Relevant Inputs without Integrity Checking,https://cwe.mitre.org/data/definitions/649.html,1
652,Improper Neutralization of Data within XQuery Expressions ('XQuery Injection'),https://cwe.mitre.org/data/definitions/652.html,1
653,Improper Isolation or Compartmentalization,https://cwe.mitre.org/data/definitions/653.html,1
654,Reliance on a Single Factor in a Security Decision,https://cwe.mitre.org/data/definitions/654.html,1
656,Reliance on Security Through Obscurity,https://cwe.mitre.org/data/definitions/656.html,4
663,Use of a Non-reentrant Function in a Concurrent Context,https://cwe.mitre.org/data/definitions/663.html,1
676,Use of Potentially Dangerous Function,https://cwe.mitre.org/data/definitions/676.html,1
681,Incorrect Conversion between Numeric Types,https://cwe.mitre.org/data/definitions/681.html,1
694,Use of Multiple Resources with Duplicate Identifier,https://cwe.mitre.org/data/definitions/694.html,1
695,Use of Low-Level Functionality,https://cwe.mitre.org/data/definitions/695.html,1
698,Execution After Redirect (EAR),https://cwe.mitre.org/data/definitions/698.html,1
699,Software Development,https://cwe.mitre.org/data/definitions/699.html,7
708,Incorrect Ownership Assignment,https://cwe.mitre.org/data/definitions/708.html,1
733,Compiler Optimization Removal or Modification of Security-critical Code,https://cwe.mitre.org/data/definitions/733.html,1
749,Exposed Dangerous Method or Function,https://cwe.mitre.org/data/definitions/749.html,1
756,Missing Custom Error Page,https://cwe.mitre.org/data/definitions/756.html,1
763,Release of Invalid Pointer or Reference,https://cwe.mitre.org/data/definitions/763.html,1
764,Multiple Locks of a Critical Resource,https://cwe.mitre.org/data/definitions/764.html,1
765,Multiple Unlocks of a Critical Resource,https://cwe.mitre.org/data/definitions/765.html,1
766,Critical Data Element Declared Public,https://cwe.mitre.org/data/definitions/766.html,2
767,Access to Critical Private Variable via Public Method,https://cwe.mitre.org/data/definitions/767.html,2
770,Allocation of Resources Without Limits or Throttling,https://cwe.mitre.org/data/definitions/770.html,1
771,Missing Reference to Active Allocated Resource,https://cwe.mitre.org/data/definitions/771.html,1
772,Missing Release of Resource after Effective Lifetime,https://cwe.mitre.org/data/definitions/772.html,1
776,Improper Restriction of Recursive Entity References in DTDs ('XML Entity Expansion'),https://cwe.mitre.org/data/definitions/776.html,1
778,Insufficient Logging,https://cwe.mitre.org/data/definitions/778.html,1
779,Logging of Excessive Data,https://cwe.mitre.org/data/definitions/779.html,1
783,Operator Precedence Logic Error,https://cwe.mitre.org/data/definitions/783.html,1
786,Access of Memory Location Before Start of Buffer,https://cwe.mitre.org/data/definitions/786.html,1
787,Out-of-bounds Write,https://cwe.mitre.org/data/definitions/787.html,1
788,Access of Memory Location After End of Buffer,https://cwe.mitre.org/data/definitions/788.html,1
791,Incomplete Filtering of Special Elements,https://cwe.mitre.org/data/definitions/791.html,1
795,Only Filtering Special Elements at a Specified Location,https://cwe.mitre.org/data/definitions/795.html,1
798,Use of Hard-coded Credentials,https://cwe.mitre.org/data/definitions/798.html,1
804,Guessable CAPTCHA,https://cwe.mitre.org/data/definitions/804.html,1
805,Buffer Access with Incorrect Length Value,https://cwe.mitre.org/data/definitions/805.html,1
807,Reliance on Untrusted Inputs in a Security Decision,https://cwe.mitre.org/data/definitions/807.html,1
820,Missing Synchronization,https://cwe.mitre.org/data/definitions/820.html,1
821,Incorrect Synchronization,https://cwe.mitre.org/data/definitions/821.html,1
822,Untrusted Pointer Dereference,https://cwe.mitre.org/data/definitions/822.html,1
823,Use of Out-of-range Pointer Offset,https://cwe.mitre.org/data/definitions/823.html,1
824,Access of Uninitialized Pointer,https://cwe.mitre.org/data/definitions/824.html,1
825,Expired Pointer Dereference,https://cwe.mitre.org/data/definitions/825.html,1
826,Premature Release of Resource During Expected Lifetime,https://cwe.mitre.org/data/definitions/826.html,1
828,Signal Handler with Functionality that is not Asynchronous-Safe,https://cwe.mitre.org/data/definitions/828.html,1
829,Inclusion of Functionality from Untrusted Control Sphere,https://cwe.mitre.org/data/definitions/829.html,1
831,Signal Handler Function Associated with Multiple Signals,https://cwe.mitre.org/data/definitions/831.html,1
832,Unlock of a Resource that is not Locked,https://cwe.mitre.org/data/definitions/832.html,1
833,Deadlock,https://cwe.mitre.org/data/definitions/833.html,1
835,Loop with Unreachable Exit Condition ('Infinite Loop'),https://cwe.mitre.org/data/definitions/835.html,1
836,Use of Password Hash Instead of Password for Authentication,https://cwe.mitre.org/data/definitions/836.html,1
837,"Improper Enforcement of a Single, Unique Action",https://cwe.mitre.org/data/definitions/837.html,1
838,Inappropriate Encoding for Output Context,https://cwe.mitre.org/data/definitions/838.html,1
839,Numeric Range Comparison Without Minimum Check,https://cwe.mitre.org/data/definitions/839.html,1
840,Business Logic Errors,https://cwe.mitre.org/data/definitions/840.html,6
841,Improper Enforcement of Behavioral Workflow,https://cwe.mitre.org/data/definitions/841.html,1
842,Placement of User into Incorrect Group,https://cwe.mitre.org/data/definitions/842.html,1
843,Access of Resource Using Incompatible Type ('Type Confusion'),https://cwe.mitre.org/data/definitions/843.html,1
908,Use of Uninitialized Resource,https://cwe.mitre.org/data/definitions/908.html,1
909,Missing Initialization of Resource,https://cwe.mitre.org/data/definitions/909.html,1
910,Use of Expired File Descriptor,https://cwe.mitre.org/data/definitions/910.html,1
911,Improper Update of Reference Count,https://cwe.mitre.org/data/definitions/911.html,1
914,Improper Control of Dynamically-Identified Variables,https://cwe.mitre.org/data/definitions/914.html,1
915,Improperly Controlled Modification of Dynamically-Determined Object Attributes,https://cwe.mitre.org/data/definitions/915.html,1
916,Use of Password Hash With Insufficient Computational Effort,https://cwe.mitre.org/data/definitions/916.html,1
917,Improper Neutralization of Special Elements used in an Expression Language Statement ('Expression Language Injection'),https://cwe.mitre.org/data/definitions/917.html,1
918,Server-Side Request Forgery (SSRF),https://cwe.mitre.org/data/definitions/918.html,1
920,Improper Restriction of Power Consumption,https://cwe.mitre.org/data/definitions/920.html,1
921,Storage of Sensitive Data in a Mechanism without Access Control,https://cwe.mitre.org/data/definitions/921.html,1
924,Improper Enforcement of Message Integrity During Transmission in a Communication Channel,https://cwe.mitre.org/data/definitions/924.html,1
939,Improper Authorization in Handler for Custom URL Scheme,https://cwe.mitre.org/data/definitions/939.html,1
940,Improper Verification of Source of a Communication Channel,https://cwe.mitre.org/data/definitions/940.html,1
941,Incorrectly Specified Destination in a Communication Channel,https://cwe.mitre.org/data/definitions/941.html,1
1006,Bad Coding Practices,https://cwe.mitre.org/data/definitions/1006.html,6
1007,Insufficient Visual Distinction of Homoglyphs Presented to User,https://cwe.mitre.org/data/definitions/1007.html,1
1021,Improper Restriction of Rendered UI Layers or Frames,https://cwe.mitre.org/data/definitions/1021.html,1
1024,Comparison of Incompatible Types,https://cwe.mitre.org/data/definitions/1024.html,1
1025,Comparison Using Wrong Factors,https://cwe.mitre.org/data/definitions/1025.html,1
1037,Processor Optimization Removal or Modification of Security-critical Code,https://cwe.mitre.org/data/definitions/1037.html,1
1041,Use of Redundant Code,https://cwe.mitre.org/data/definitions/1041.html,1
1043,Data Element Aggregating an Excessively Large Number of Non-Primitive Elements,https://cwe.mitre.org/data/definitions/1043.html,1
1044,Architecture with Number of Horizontal Layers Outside of Expected Range,https://cwe.mitre.org/data/definitions/1044.html,1
1045,Parent Class with a Virtual Destructor and a Child Class without a Virtual Destructor,https://cwe.mitre.org/data/definitions/1045.html,2
1046,Creation of Immutable Text Using String Concatenation,https://cwe.mitre.org/data/definitions/1046.html,1
1047,Modules with Circular Dependencies,https://cwe.mitre.org/data/definitions/1047.html,1
1048,Invokable Control Element with Large Number of Outward Calls,https://cwe.mitre.org/data/definitions/1048.html,1
1049,Excessive Data Query Operations in a Large Data Table,https://cwe.mitre.org/data/definitions/1049.html,1
1050,Excessive Platform Resource Consumption within a Loop,https://cwe.mitre.org/data/definitions/1050.html,1
1051,Initialization with Hard-Coded Network Resource Configuration Data,https://cwe.mitre.org/data/definitions/1051.html,1
1052,Excessive Use of Hard-Coded Literals in Initialization,https://cwe.mitre.org/data/definitions/1052.html,1
1053,Missing Documentation for Design,https://cwe.mitre.org/data/definitions/1053.html,1
1054,Invocation of a Control Element at an Unnecessarily Deep Horizontal Layer,https://cwe.mitre.org/data/definitions/1054.html,1
1055,Multiple Inheritance from Concrete Classes,https://cwe.mitre.org/data/definitions/1055.html,1
1056,Invokable Control Element with Variadic Parameters,https://cwe.mitre.org/data/definitions/1056.html,1
1057,Data Access Operations Outside of Expected Data Manager Component,https://cwe.mitre.org/data/definitions/1057.html,1
1058,Invokable Control Element in Multi-Thread Context with non-Final Static Storable or Member Element,https://cwe.mitre.org/data/definitions/1058.html,1
1060,Excessive Number of Inefficient Server-Side Data Accesses,https://cwe.mitre.org/data/definitions/1060.html,1
1062,Parent Class with References to Child Class,https://cwe.mitre.org/data/definitions/1062.html,1
1063,Creation of Class Instance within a Static Code Block,https://cwe.mitre.org/data/definitions/1063.html,1
1064,Invokable Control Element with Signature Containing an Excessive Number of Parameters,https://cwe.mitre.org/data/definitions/1064.html,1
1065,Runtime Resource Management Control Element in a Component Built to Run on Application Servers,https://cwe.mitre.org/data/definitions/1065.html,1
1066,Missing Serialization Control Element,https://cwe.mitre.org/data/definitions/1066.html,1
1067,Excessive Execution of Sequential Searches of Data Resource,https://cwe.mitre.org/data/definitions/1067.html,1
1068,Inconsistency Between Implementation and Documented Design,https://cwe.mitre.org/data/definitions/1068.html,1
1069,Empty Exception Block,https://cwe.mitre.org/data/definitions/1069.html,1
1070,Serializable Data Element Containing non-Serializable Item Elements,https://cwe.mitre.org/data/definitions/1070.html,1
1071,Empty Code Block,https://cwe.mitre.org/data/definitions/1071.html,1
1072,Data Resource Access without Use of Connection Pooling,https://cwe.mitre.org/data/definitions/1072.html,1
1073,Non-SQL Invokable Control Element with Excessive Number of Data Resource Accesses,https://cwe.mitre.org/data/definitions/1073.html,1
1074,Class with Excessively Deep Inheritance,https://cwe.mitre.org/data/definitions/1074.html,1
1075,Unconditional Control Flow Transfer outside of Switch Block,https://cwe.mitre.org/data/definitions/1075.html,1
1077,Floating Point Comparison with Incorrect Operator,https://cwe.mitre.org/data/definitions/1077.html,2
1079,Parent Class without Virtual Destructor Method,https://cwe.mitre.org/data/definitions/1079.html,1
1080,Source Code File with Excessive Number of Lines of Code,https://cwe.mitre.org/data/definitions/1080.html,1
1082,Class Instance Self Destruction Control Element,https://cwe.mitre.org/data/definitions/1082.html,1
1083,Data Access from Outside Expected Data Manager Component,https://cwe.mitre.org/data/definitions/1083.html,1
1084,Invokable Control Element with Excessive File or Data Access Operations,https://cwe.mitre.org/data/definitions/1084.html,1
1085,Invokable Control Element with Excessive Volume of Commented-out Code,https://cwe.mitre.org/data/definitions/1085.html,1
1086,Class with Excessive Number of Child Classes,https://cwe.mitre.org/data/definitions/1086.html,1
1087,Class with Virtual Method without a Virtual Destructor,https://cwe.mitre.org/data/definitions/1087.html,1
1088,Synchronous Access of Remote Resource without Timeout,https://cwe.mitre.org/data/definitions/1088.html,1
1089,Large Data Table with Excessive Number of Indices,https://cwe.mitre.org/data/definitions/1089.html,1
1090,Method Containing Access of a Member Element from Another Class,https://cwe.mitre.org/data/definitions/1090.html,1
1091,Use of Object without Invoking Destructor Method,https://cwe.mitre.org/data/definitions/1091.html,1
1092,Use of Same Invokable Control Element in Multiple Architectural Layers,https://cwe.mitre.org/data/definitions/1092.html,1
1094,Excessive Index Range Scan for a Data Resource,https://cwe.mitre.org/data/definitions/1094.html,1
1095,Loop Condition Value Update within the Loop,https://cwe.mitre.org/data/definitions/1095.html,1
1097,Persistent Storable Data Element without Associated Comparison Control Element,https://cwe.mitre.org/data/definitions/1097.html,1
1098,Data Element containing Pointer Item without Proper Copy Control Element,https://cwe.mitre.org/data/definitions/1098.html,2
1099,Inconsistent Naming Conventions for Identifiers,https://cwe.mitre.org/data/definitions/1099.html,1
1100,Insufficient Isolation of System-Dependent Functions,https://cwe.mitre.org/data/definitions/1100.html,1
1101,Reliance on Runtime Component in Generated Code,https://cwe.mitre.org/data/definitions/1101.html,1
1102,Reliance on Machine-Dependent Data Representation,https://cwe.mitre.org/data/definitions/1102.html,1
1103,Use of Platform-Dependent Third Party Components,https://cwe.mitre.org/data/definitions/1103.html,1
1104,Use of Unmaintained Third Party Components,https://cwe.mitre.org/data/definitions/1104.html,1
1105,Insufficient Encapsulation of Machine-Dependent Functionality,https://cwe.mitre.org/data/definitions/1105.html,1
1106,Insufficient Use of Symbolic Constants,https://cwe.mitre.org/data/definitions/1106.html,1
1107,Insufficient Isolation of Symbolic Constant Definitions,https://cwe.mitre.org/data/definitions/1107.html,1
1108,Excessive Reliance on Global Variables,https://cwe.mitre.org/data/definitions/1108.html,1
1109,Use of Same Variable for Multiple Purposes,https://cwe.mitre.org/data/definitions/1109.html,1
1110,Incomplete Design Documentation,https://cwe.mitre.org/data/definitions/1110.html,1
1111,Incomplete I/O Documentation,https://cwe.mitre.org/data/definitions/1111.html,1
1112,Incomplete Documentation of Program Execution,https://cwe.mitre.org/data/definitions/1112.html,1
1113,Inappropriate Comment Style,https://cwe.mitre.org/data/definitions/1113.html,1
1114,Inappropriate Whitespace Style,https://cwe.mitre.org/data/definitions/1114.html,1
1115,Source Code Element without Standard Prologue,https://cwe.mitre.org/data/definitions/1115.html,1
1116,Inaccurate Comments,https://cwe.mitre.org/data/definitions/1116.html,1
1117,Callable with Insufficient Behavioral Summary,https://cwe.mitre.org/data/definitions/1117.html,1
1118,Insufficient Documentation of Error Handling Techniques,https://cwe.mitre.org/data/definitions/1118.html,1
1119,Excessive Use of Unconditional Branching,https://cwe.mitre.org/data/definitions/1119.html,1
1121,Excessive McCabe Cyclomatic Complexity,https://cwe.mitre.org/data/definitions/1121.html,1
1122,Excessive Halstead Complexity,https://cwe.mitre.org/data/definitions/1122.html,1
1123,Excessive Use of Self-Modifying Code,https://cwe.mitre.org/data/definitions/1123.html,1
1124,Excessively Deep Nesting,https://cwe.mitre.org/data/definitions/1124.html,1
1125,Excessive Attack Surface,https://cwe.mitre.org/data/definitions/1125.html,1
1126,Declaration of Variable with Unnecessarily Wide Scope,https://cwe.mitre.org/data/definitions/1126.html,1
1127,Compilation with Insufficient Warnings or Errors,https://cwe.mitre.org/data/definitions/1127.html,1
1173,Improper Use of Validation Framework,https://cwe.mitre.org/data/definitions/1173.html,1
1188,Insecure Default Initialization of Resource,https://cwe.mitre.org/data/definitions/1188.html,1
1204,Generation of Weak Initialization Vector (IV),https://cwe.mitre.org/data/definitions/1204.html,1
1210,Audit / Logging Errors,https://cwe.mitre.org/data/definitions/1210.html,6
1211,Authentication Errors,https://cwe.mitre.org/data/definitions/1211.html,6
1212,Authorization Errors,https://cwe.mitre.org/data/definitions/1212.html,6
1213,Random Number Issues,https://cwe.mitre.org/data/definitions/1213.html,6
1214,Data Integrity Issues,https://cwe.mitre.org/data/definitions/1214.html,6
1215,Data Validation Issues,https://cwe.mitre.org/data/definitions/1215.html,6
1216,Lockout Mechanism Errors,https://cwe.mitre.org/data/definitions/1216.html,6
1217,User Session Errors,https://cwe.mitre.org/data/definitions/1217.html,6
1218,Memory Buffer Errors,https://cwe.mitre.org/data/definitions/1218.html,6
1219,File Handling Issues,https://cwe.mitre.org/data/definitions/1219.html,6
1220,Insufficient Granularity of Access Control,https://cwe.mitre.org/data/definitions/1220.html,1
1225,Documentation Issues,https://cwe.mitre.org/data/definitions/1225.html,6
1226,Complexity Issues,https://cwe.mitre.org/data/definitions/1226.html,6
1227,Encapsulation Issues,https://cwe.mitre.org/data/definitions/1227.html,6
1228,API / Function Errors,https://cwe.mitre.org/data/definitions/1228.html,6
1230,Exposure of Sensitive Information Through Metadata,https://cwe.mitre.org/data/definitions/1230.html,1
1235,Incorrect Use of Autoboxing and Unboxing for Performance Critical Operations,https://cwe.mitre.org/data/definitions/1235.html,1
1236,Improper Neutralization of Formula Elements in a CSV File,https://cwe.mitre.org/data/definitions/1236.html,1
1240,Use of a Cryptographic Primitive with a Risky Implementation,https://cwe.mitre.org/data/definitions/1240.html,1
1241,Use of Predictable Algorithm in Random Number Generator,https://cwe.mitre.org/data/definitions/1241.html,1
1265,Unintended Reentrant Invocation of Non-reentrant Code Via Nested Calls,https://cwe.mitre.org/data/definitions/1265.html,1
1284,Improper Validation of Specified Quantity in Input,https://cwe.mitre.org/data/definitions/1284.html,1
1285,"Improper Validation of Specified Index, Position, or Offset in Input",https://cwe.mitre.org/data/definitions/1285.html,1
1286,Improper Validation of Syntactic Correctness of Input,https://cwe.mitre.org/data/definitions/1286.html,1
1287,Improper Validation of Specified Type of Input,https://cwe.mitre.org/data/definitions/1287.html,1
1288,Improper Validation of Consistency within Input,https://cwe.mitre.org/data/definitions/1288.html,1
1289,Improper Validation of Unsafe Equivalence in Input,https://cwe.mitre.org/data/definitions/1289.html,1
1322,"Use of Blocking Code in Single-threaded, Non-blocking Context",https://cwe.mitre.org/data/definitions/1322.html,1
1327,Binding to an Unrestricted IP Address,https://cwe.mitre.org/data/definitions/1327.html,1
1333,Inefficient Regular Expression Complexity,https://cwe.mitre.org/data/definitions/1333.html,1
1335,Incorrect Bitwise Shift of Integer,https://cwe.mitre.org/data/definitions/1335.html,1
1339,Insufficient Precision or Accuracy of a Real Number,https://cwe.mitre.org/data/definitions/1339.html,1
1341,Multiple Releases of Same Resource or Handle,https://cwe.mitre.org/data/definitions/1341.html,1
1389,Incorrect Parsing of Numbers with Different Radices,https://cwe.mitre.org/data/definitions/1389.html,1
1392,Use of Default Credentials,https://cwe.mitre.org/data/definitions/1392.html,1